/services/ /hvac-services-philadelphia/
/special-offers/ /deals/
/air-conditioning-philadelphia/ /hvac-services-philadelphia/air-conditioning-philadelphia/
/air-conditioner-repair-philadelphia/ /hvac-services-philadelphia/air-conditioning-philadelphia/air-conditioner-repair-philadelphia/
/air-conditioner-replacement-philadelphia/ /hvac-services-philadelphia/air-conditioning-philadelphia/air-conditioner-replacement-philadelphia/
/ventilation-ductwork-philadelphia/ /hvac-services-philadelphia/ventilation-ductwork-philadelphia/
/ventilation-design-installation-philadelphia/ /hvac-services-philadelphia/ventilation-ductwork-philadelphia/design-installation/
/new-construction-ventilation-design-philadelphia/ /hvac-services-philadelphia/ventilation-ductwork-philadelphia/new-construction-ventilation-design-philadelphia/
/rehab-ventilation-philadelphia/ /hvac-services-philadelphia/ventilation-ductwork-philadelphia/rehab-ventilation-philadelphia/
/existing-homes-ventilation-philadelphia/ /hvac-services-philadelphia/ventilation-ductwork-philadelphia/existing-homes-ventilation-philadelphia/
/heaters-philadelphia/ /hvac-services-philadelphia/ventilation-ductwork-philadelphia/existing-homes-ventilation-philadelphia/
/heater-repair-philadelphia/ /hvac-services-philadelphia/heaters-philadelphia/heater-repair-philadelphia/
/heater-replacement-philadelphia/ /hvac-services-philadelphia/heaters-philadelphia/heater-replacement-philadelphia/
/heat-pumps-philadelphia/ /hvac-services-philadelphia/heat-pumps-philadelphia/
/heat-pump-repair-philadelphia/ /hvac-services-philadelphia/heat-pumps-philadelphia/heat-pump-repair-philadelphia/
/heat-pump-replacement-philadelphia/ /hvac-services-philadelphia/heat-pumps-philadelphia/heat-pump-replacement-philadelphia/
/boilers-philadelphia/ /hvac-services-philadelphia/boilers-philadelphia/
/boiler-repair-philadelphia/ /hvac-services-philadelphia/boilers-philadelphia/boiler-repair-philadelphia/
/boiler-replacement-philadelphia/ /hvac-services-philadelphia/boilers-philadelphia/boiler-replacement-philadelphia/
/ductless-hvac-philadelphia/ /hvac-services-philadelphia/ductless-hvac-philadelphia/
/abington-heating-repair-services-installation/ /hvac-services-philadelphia/heaters-philadelphia/abington-heating-repair-services-installation/
/ambler-heating-repair-services-installation/ /hvac-services-philadelphia/heaters-philadelphia/ambler-heating-repair-services-installation/
/bensalem-heating-repair-services-installation/ /hvac-services-philadelphia/heaters-philadelphia/bensalem-heating-repair-services-installation/
/bryn-athyn-heating-repair-services-installation/ /hvac-services-philadelphia/heaters-philadelphia/bryn-athyn-heating-repair-services-installation/
/buckingham-township-heating-repair-services-installation/ /hvac-services-philadelphia/heaters-philadelphia/buckingham-township-heating-repair-services-installation/
/chalfont-heating-repair-services-installation/ /hvac-services-philadelphia/heaters-philadelphia/chalfont-heating-repair-services-installation/
/croydon-heating-repair-services-installation/ /hvac-services-philadelphia/heaters-philadelphia/croydon-heating-repair-services-installation/
/doylestown-heating-repair-services-installation/ /hvac-services-philadelphia/heaters-philadelphia/doylestown-heating-repair-services-installation/
/elkins-park-heating-repair-services-installation/ /hvac-services-philadelphia/heaters-philadelphia/elkins-park-heating-repair-services-installation/
/fairless-hills-heating-repair-services-installation/ /hvac-services-philadelphia/heaters-philadelphia/fairless-hills-heating-repair-services-installation/
/feasterville-trevose-heating-repair-services-installation/ /hvac-services-philadelphia/heaters-philadelphia/feasterville-trevose-heating-repair-services-installation/
/horsham-heating-repair-services-installation/ /hvac-services-philadelphia/heaters-philadelphia/horsham-heating-repair-services-installation/
/huntingdon-valley-heating-repair-services-installation/ /hvac-services-philadelphia/heaters-philadelphia/hundingdon-valley-heating-repair-services-installation/
/jamison-heating-repair-services-installation/ /hvac-services-philadelphia/heaters-philadelphia/jamison-heating-repair-services-installation/
/jenkintown-heating-repair-services-installation/ /hvac-services-philadelphia/heaters-philadelphia/jenkintown-heating-repair-services-installation/
/langhorne-heating-repair-services-installation/ /hvac-services-philadelphia/heaters-philadelphia/langhorne-heating-repair-services-installation/
/lansdale-heating-repair-services-installation/ /hvac-services-philadelphia/heaters-philadelphia/lansdale-heating-repair-services-installation/
/levittown-heating-repair-services-installation/ /hvac-services-philadelphia/heaters-philadelphia/levittown-heating-repair-services-installation/
/maple-glen-heating-repair-services-installation/ /hvac-services-philadelphia/heaters-philadelphia/maple-glen-heating-repair-services-installation/
/montgomeryville-heating-repair-services-installation/ /hvac-services-philadelphia/heaters-philadelphia/montgomeryville-heating-repair-services-installation/
/morrisville-heating-repair-services-installation/ /hvac-services-philadelphia/heaters-philadelphia/morrisville-heating-repair-services-installation/
/newtown-heating-repair-services-installation/ /hvac-services-philadelphia/heaters-philadelphia/newtown-heating-repair-services-installation/
/north-wales-heating-repair-services-installation/ /hvac-services-philadelphia/heaters-philadelphia/north-wales-heating-repair-services-installation/
/northampton-heating-repair-services-installation/ /hvac-services-philadelphia/heaters-philadelphia/northampton-heating-repair-services-installation/
/northeast-philadelphia-heating-repair-services-installation/ /hvac-services-philadelphia/heaters-philadelphia/northeast-philadelphia-heating-repair-services-installation/
/perkasie-heating-repair-services-installation/ /hvac-services-philadelphia/heaters-philadelphia/perkasie-heating-repair-services-installation/
/plumbstead-heating-repair-services-installation/ /hvac-services-philadelphia/heaters-philadelphia/plumbstead-heating-repair-services-installation/
/richboro-heating-repair-services-installation/ /hvac-services-philadelphia/heaters-philadelphia/richboro-heating-repair-services-installation/
/sellersville-heating-repair-services-installation/ /hvac-services-philadelphia/heaters-philadelphia/sellersville-heating-repair-services-installation/
/southampton-heating-repair-services-installation/ /hvac-services-philadelphia/heaters-philadelphia/southampton-heating-repair-services-installation/
/warminster-heating-repair-services-installation/ /hvac-services-philadelphia/heaters-philadelphia/warminster-heating-repair-services-installation/
/warrington-heating-repair-services-installation/ /hvac-services-philadelphia/heaters-philadelphia/warrington-heating-repair-services-installation/
/willow-grove-heating-repair-services-installation/ /hvac-services-philadelphia/heaters-philadelphia/willow-grove-heating-repair-services-installation/
/yardley-heating-repair-services-installation/ /hvac-services-philadelphia/heaters-philadelphia/yardley-heating-repair-services-installation/
/abington-hvac-repair-services/ /hvac-services-philadelphia/abington-hvac-repair-services/
/ambler-hvac-repair-services/ /hvac-services-philadelphia/ambler-hvac-repair-services/
/bensalem-hvac-repair-services/ /hvac-services-philadelphia/bensalem-hvac-repair-services/
/bristol-hvac-repair-services/ /hvac-services-philadelphia/bristol-hvac-repair-services/
/bryn-athyn-hvac-repair-services/ /hvac-services-philadelphia/bryn-athyn-hvac-repair-services/
/buckingham-township-hvac-repair-services/ /hvac-services-philadelphia/buckingham-township-hvac-repair-services/
/chalfont-hvac-repair-services/ /hvac-services-philadelphia/chalfont-hvac-repair-services/
/croydon-hvac-repair-services/ /hvac-services-philadelphia/croydon-hvac-repair-services/
/doylestown-hvac-repair-services/ /hvac-services-philadelphia/doylestown-hvac-repair-services/
/elkins-park-hvac-repair-services/ /hvac-services-philadelphia/elkins-park-hvac-repair-services/
/fairless-hills-hvac-repair-services/ /hvac-services-philadelphia/fairless-hills-hvac-repair-services/
/feasterville-trevose-hvac-repair-services/ /hvac-services-philadelphia/feasterville-trevose-hvac-repair-services/
/horsham-hvac-repair-services/ /hvac-services-philadelphia/horsham-hvac-repair-services/
/huntingdon-valley-hvac-repair-services/ /hvac-services-philadelphia/huntingdon-valley-hvac-repair-services/
/jamison-hvac-repair-services/ /hvac-services-philadelphia/jamison-hvac-repair-services/
/jenkintown-hvac-repair-services/ /hvac-services-philadelphia/jenkintown-hvac-repair-services/
/langhorne-hvac-repair-services/ /hvac-services-philadelphia/langhorne-hvac-repair-services/
/lansdale-hvac-repair-services/ /hvac-services-philadelphia/lansdale-hvac-repair-services/
/levittown-hvac-repair-services/ /hvac-services-philadelphia/levittown-hvac-repair-services/
/maple-glen-hvac-repair-services/ /hvac-services-philadelphia/maple-glen-hvac-repair-services/
/montgomeryville-hvac-repair-services/ /hvac-services-philadelphia/montgomeryville-hvac-repair-services/
/morrisville-hvac-repair-services/ /hvac-services-philadelphia/morrisville-hvac-repair-services/
/newtown-hvac-repair-services/ /hvac-services-philadelphia/newtown-hvac-repair-services/
/north-wales-hvac-repair-services/ /hvac-services-philadelphia/north-wales-hvac-repair-services/
/northampton-hvac-repair-services/ /hvac-services-philadelphia/northampton-hvac-repair-services/
/northeast-philadelphia-hvac-repair-services/ /hvac-services-philadelphia/northeast-philadelphia-hvac-repair-services/
/perkasie-hvac-repair-services/ /hvac-services-philadelphia/perkasie-hvac-repair-services/
/plumbstead-hvac-repair-services/ /hvac-services-philadelphia/plumbstead-hvac-repair-services/
/richboro-hvac-repair-services/ /hvac-services-philadelphia/richboro-hvac-repair-services/
/sellersville-hvac-repair-services/ /hvac-services-philadelphia/sellersville-hvac-repair-services/
/southampton-hvac-repair-services/ /hvac-services-philadelphia/southampton-hvac-repair-services/
/warminster-hvac-repair-services/ /hvac-services-philadelphia/warminster-hvac-repair-services/
/warrington-hvac-repair-services/ /hvac-services-philadelphia/warrington-hvac-repair-services/
/willow-grove-hvac-repair-services/ /hvac-services-philadelphia/willow-grove-hvac-repair-services/
/yardley-hvac-repair-services/ /hvac-services-philadelphia/yardley-hvac-repair-services/
/hvac-repair-company-near-*/ /hvac-services-philadelphia/hvac-repair-company-near-:splat
/air-conditioning-repair-service-* /hvac-services-philadelphia/hvac-repair-company-near-:splat
/heater-repair-service-* /hvac-services-philadelphia/hvac-repair-company-near-:splat